{
  "Get User Profile" : {
    "transaction" : "Get User Profile",
    "sampleCount" : 25,
    "errorCount" : 0,
    "errorPct" : 0.0,
    "meanResTime" : 323.96,
    "medianResTime" : 323.0,
    "minResTime" : 305.0,
    "maxResTime" : 364.0,
    "pct1ResTime" : 341.20000000000005,
    "pct2ResTime" : 361.3,
    "pct3ResTime" : 364.0,
    "throughput" : 2.3759741494012547,
    "receivedKBytesPerSec" : 2.007883779224482,
    "sentKBytesPerSec" : 1.2135102345086486
  },
  "Delete User" : {
    "transaction" : "Delete User",
    "sampleCount" : 25,
    "errorCount" : 0,
    "errorPct" : 0.0,
    "meanResTime" : 339.1600000000001,
    "medianResTime" : 328.0,
    "minResTime" : 317.0,
    "maxResTime" : 402.0,
    "pct1ResTime" : 382.8,
    "pct2ResTime" : 396.59999999999997,
    "pct3ResTime" : 402.0,
    "throughput" : 2.27004449287206,
    "receivedKBytesPerSec" : 1.4630259409334423,
    "sentKBytesPerSec" : 1.3212368337419413
  },
  "Get Contact" : {
    "transaction" : "Get Contact",
    "sampleCount" : 25,
    "errorCount" : 0,
    "errorPct" : 0.0,
    "meanResTime" : 333.88000000000005,
    "medianResTime" : 327.0,
    "minResTime" : 307.0,
    "maxResTime" : 379.0,
    "pct1ResTime" : 363.00000000000006,
    "pct2ResTime" : 376.9,
    "pct3ResTime" : 379.0,
    "throughput" : 2.3773297831875237,
    "receivedKBytesPerSec" : 2.450878423354888,
    "sentKBytesPerSec" : 1.2722428917839483
  },
  "Delete Contact" : {
    "transaction" : "Delete Contact",
    "sampleCount" : 25,
    "errorCount" : 0,
    "errorPct" : 0.0,
    "meanResTime" : 377.44,
    "medianResTime" : 336.0,
    "minResTime" : 313.0,
    "maxResTime" : 886.0,
    "pct1ResTime" : 562.6000000000012,
    "pct2ResTime" : 885.1,
    "pct3ResTime" : 886.0,
    "throughput" : 2.2694262890341323,
    "receivedKBytesPerSec" : 1.6818576388888888,
    "sentKBytesPerSec" : 1.3784991716594046
  },
  "Add Users" : {
    "transaction" : "Add Users",
    "sampleCount" : 50,
    "errorCount" : 0,
    "errorPct" : 0.0,
    "meanResTime" : 1022.1599999999999,
    "medianResTime" : 829.0,
    "minResTime" : 343.0,
    "maxResTime" : 3176.0,
    "pct1ResTime" : 2429.499999999999,
    "pct2ResTime" : 2680.8999999999987,
    "pct3ResTime" : 3176.0,
    "throughput" : 3.163155563990637,
    "receivedKBytesPerSec" : 3.888333689188334,
    "sentKBytesPerSec" : 1.249508228158411
  },
  "Log Out User" : {
    "transaction" : "Log Out User",
    "sampleCount" : 25,
    "errorCount" : 0,
    "errorPct" : 0.0,
    "meanResTime" : 331.8,
    "medianResTime" : 330.0,
    "minResTime" : 314.0,
    "maxResTime" : 355.0,
    "pct1ResTime" : 352.0,
    "pct2ResTime" : 354.1,
    "pct3ResTime" : 355.0,
    "throughput" : 2.2708692887637385,
    "receivedKBytesPerSec" : 1.4646219854210192,
    "sentKBytesPerSec" : 1.2130522470251612
  },
  "Add Contact" : {
    "transaction" : "Add Contact",
    "sampleCount" : 25,
    "errorCount" : 0,
    "errorPct" : 0.0,
    "meanResTime" : 358.87999999999994,
    "medianResTime" : 327.0,
    "minResTime" : 320.0,
    "maxResTime" : 985.0,
    "pct1ResTime" : 357.8,
    "pct2ResTime" : 799.8999999999996,
    "pct3ResTime" : 985.0,
    "throughput" : 2.3757483607336307,
    "receivedKBytesPerSec" : 2.4645605162501187,
    "sentKBytesPerSec" : 1.9790169450251829
  },
  "Total" : {
    "transaction" : "Total",
    "sampleCount" : 350,
    "errorCount" : 0,
    "errorPct" : 0.0,
    "meanResTime" : 454.30000000000024,
    "medianResTime" : 340.0,
    "minResTime" : 305.0,
    "maxResTime" : 3176.0,
    "pct1ResTime" : 842.3000000000138,
    "pct2ResTime" : 1318.45,
    "pct3ResTime" : 2526.13,
    "throughput" : 21.244309559939303,
    "receivedKBytesPerSec" : 20.974428584977236,
    "sentKBytesPerSec" : 12.591580519726858
  },
  "Update User" : {
    "transaction" : "Update User",
    "sampleCount" : 25,
    "errorCount" : 0,
    "errorPct" : 0.0,
    "meanResTime" : 418.24,
    "medianResTime" : 356.0,
    "minResTime" : 339.0,
    "maxResTime" : 1101.0,
    "pct1ResTime" : 664.4000000000015,
    "pct2ResTime" : 1092.6,
    "pct3ResTime" : 1101.0,
    "throughput" : 2.3649607416516885,
    "receivedKBytesPerSec" : 1.9948813380947876,
    "sentKBytesPerSec" : 1.5566245506574592
  },
  "Log In User" : {
    "transaction" : "Log In User",
    "sampleCount" : 50,
    "errorCount" : 0,
    "errorPct" : 0.0,
    "meanResTime" : 365.37999999999994,
    "medianResTime" : 350.5,
    "minResTime" : 333.0,
    "maxResTime" : 895.0,
    "pct1ResTime" : 377.5,
    "pct2ResTime" : 388.84999999999997,
    "pct3ResTime" : 895.0,
    "throughput" : 3.381119826886665,
    "receivedKBytesPerSec" : 4.147947237625101,
    "sentKBytesPerSec" : 1.4561268004463077
  },
  "Update Contact - PATCH" : {
    "transaction" : "Update Contact - PATCH",
    "sampleCount" : 25,
    "errorCount" : 0,
    "errorPct" : 0.0,
    "meanResTime" : 387.88,
    "medianResTime" : 335.0,
    "minResTime" : 322.0,
    "maxResTime" : 908.0,
    "pct1ResTime" : 643.6000000000009,
    "pct2ResTime" : 904.1,
    "pct3ResTime" : 908.0,
    "throughput" : 2.2692202959063263,
    "receivedKBytesPerSec" : 2.370892002133067,
    "sentKBytesPerSec" : 1.4426390748388855
  },
  "Get Contact List" : {
    "transaction" : "Get Contact List",
    "sampleCount" : 25,
    "errorCount" : 0,
    "errorPct" : 0.0,
    "meanResTime" : 359.64,
    "medianResTime" : 329.0,
    "minResTime" : 320.0,
    "maxResTime" : 929.0,
    "pct1ResTime" : 394.40000000000015,
    "pct2ResTime" : 781.3999999999996,
    "pct3ResTime" : 929.0,
    "throughput" : 2.37936613686114,
    "receivedKBytesPerSec" : 2.4649675513943086,
    "sentKBytesPerSec" : 1.982030580803274
  },
  "Update Contact - PUT" : {
    "transaction" : "Update Contact - PUT",
    "sampleCount" : 25,
    "errorCount" : 0,
    "errorPct" : 0.0,
    "meanResTime" : 354.24000000000007,
    "medianResTime" : 330.0,
    "minResTime" : 319.0,
    "maxResTime" : 914.0,
    "pct1ResTime" : 348.8,
    "pct2ResTime" : 744.7999999999996,
    "pct3ResTime" : 914.0,
    "throughput" : 2.37146651489281,
    "receivedKBytesPerSec" : 2.47058640438247,
    "sentKBytesPerSec" : 2.174616267074559
  }
}